name,base_upload_limit,can_approve_posts,can_upload_free,created_at,id,inviter_id,is_banned,is_super_voter,level,level_string,name,note_update_count,post_update_count,post_upload_count,post_deletion_count,deletion_ratio,deletion_ratio_percentile
Lacrimosa,50,True,True,2018-07-18T17:41:23.794-04:00,570925,1002,False,False,32,Builder,Lacrimosa,32,26369,5358,2.0,0.0003732736095558044,0.9230769230769231
maoko,50,True,True,2018-05-16T18:00:27.744-04:00,562918,1002,False,False,32,Builder,maoko,6,2524,1491,4.0,0.0026827632461435278,0.8422090729783037
Damian0358,50,False,True,2018-03-06T18:40:54.458-05:00,554505,332700,False,False,32,Builder,Damian0358,1145,14538,1404,2.0,0.0014245014245014246,0.8915187376725838
DreamFromTheLayer,50,False,True,2018-01-09T08:26:01.051-05:00,547400,1002,False,False,32,Builder,DreamFromTheLayer,2209,7531,1517,74.0,0.04878048780487805,0.11045364891518739
Ne_Obliviscaris,50,False,True,2017-08-25T10:19:12.754-04:00,527023,11672,False,False,32,Builder,Ne_Obliviscaris,3,2437,1674,7.0,0.004181600955794504,0.7810650887573964
user_525419,50,False,True,2017-08-11T13:48:32.360-04:00,525419,13392,True,False,32,Builder,user_525419,327,129772,13680,8.0,0.0005847953216374269,0.9191321499013807
DepressePotato,50,False,True,2017-06-20T08:46:34.216-04:00,519865,1002,False,False,32,Builder,DepressePotato,0,3546,1136,12.0,0.01056338028169014,0.5207100591715976
Jnglmpera,50,False,True,2017-05-18T02:23:56.300-04:00,516394,360629,False,False,32,Builder,Jnglmpera,610,11322,6560,169.0,0.025762195121951218,0.2564102564102564
Seulbae,50,True,True,2017-05-08T06:10:58.628-04:00,515384,1002,False,False,32,Builder,Seulbae,201,15282,6151,5.0,0.0008128759551292473,0.9151873767258383
Soundtracker,50,False,True,2017-04-17T09:37:16.305-04:00,512896,11672,False,False,32,Builder,Soundtracker,35,3415,1761,5.0,0.0028392958546280523,0.8284023668639053
user_509825,50,False,True,2017-03-23T16:37:18.645-04:00,509825,13392,False,False,32,Builder,user_509825,74,45481,2580,13.0,0.0050387596899224806,0.73767258382643
Nova_Genesis,50,False,True,2017-03-18T03:00:17.670-04:00,509085,360629,False,False,32,Builder,Nova_Genesis,0,15982,6307,38.0,0.006025051530045981,0.6863905325443787
nonamethanks,50,True,True,2017-03-08T16:15:10.533-05:00,508240,360629,False,False,32,Builder,nonamethanks,2750,130352,29228,55.0,0.0018817572191049679,0.8757396449704142
ampzz,50,False,True,2017-03-03T03:53:46.006-05:00,507781,1002,False,False,32,Builder,ampzz,163,28185,11147,384.0,0.03444873060016148,0.1755424063116371
inkuJerr,50,False,True,2017-01-14T10:16:00.489-05:00,503835,85307,False,False,32,Builder,inkuJerr,421,21968,9848,48.0,0.00487408610885459,0.7495069033530573
ceres,50,False,True,2016-10-25T17:31:47.614-04:00,497614,360629,True,False,32,Builder,ceres,385,19619,10062,86.0,0.008547008547008548,0.5877712031558185
archaist,50,False,True,2016-10-09T09:04:23.107-04:00,496410,360629,False,False,32,Builder,archaist,1624,10647,1947,1.0,0.0005136106831022085,0.9211045364891519
wishington,50,False,True,2016-07-28T11:18:51.240-04:00,490354,11672,False,False,32,Builder,wishington,447,7111,1892,95.0,0.05021141649048626,0.10256410256410253
kudus,50,False,True,2016-07-10T19:15:21.719-04:00,488815,11672,False,False,32,Builder,kudus,1007,5796,2742,31.0,0.011305616338439095,0.5069033530571991
Sausageroll,50,False,True,2016-06-21T12:46:06.393-04:00,487282,360629,False,False,32,Builder,Sausageroll,6,1596,813,22.0,0.02706027060270603,0.23865877712031558
Rashurk,50,False,True,2016-06-10T17:40:11.557-04:00,486490,11672,False,False,32,Builder,Rashurk,523,2523,1237,23.0,0.018593371059013743,0.3570019723865878
ADT555,50,False,True,2016-05-26T00:59:37.350-04:00,485320,1002,False,False,32,Builder,ADT555,135,15608,11156,42.0,0.003764790247400502,0.7909270216962525
Bisko,50,False,True,2016-05-05T08:53:33.513-04:00,483749,360629,False,False,32,Builder,Bisko,3198,31955,11260,28.0,0.002486678507992895,0.8500986193293886
krewa,50,False,True,2016-03-26T09:16:21.107-04:00,480583,11672,False,False,32,Builder,krewa,1,5207,867,7.0,0.008073817762399077,0.6074950690335306
Shallie,50,True,True,2016-03-26T01:17:03.564-04:00,480552,360629,False,False,32,Builder,Shallie,456,30040,11920,95.0,0.007969798657718121,0.6134122287968442
Avitus,50,False,True,2016-01-13T14:50:31.821-05:00,474934,14662,False,False,32,Builder,Avitus,0,1425,609,8.0,0.013136288998357963,0.45956607495069035
andalus,50,False,True,2016-01-12T09:20:21.566-05:00,474806,360629,False,False,32,Builder,andalus,1295,8993,5460,191.0,0.03498168498168498,0.17159763313609466
OniTea,50,True,True,2016-01-06T08:19:19.912-05:00,474357,360629,False,False,32,Builder,OniTea,214,10867,3294,8.0,0.0024286581663630845,0.8520710059171598
Mikaeri,50,False,True,2015-11-17T01:51:21.858-05:00,470449,85307,False,False,32,Builder,Mikaeri,4241,151333,24607,29.0,0.001178526435567115,0.903353057199211
Nitrogen09,50,True,True,2015-09-28T12:21:34.843-04:00,467044,13392,False,False,32,Builder,Nitrogen09,1294,60759,7584,24.0,0.0031645569620253164,0.8165680473372781
Danaii,50,False,True,2015-09-17T11:14:56.517-04:00,466377,360629,False,False,32,Builder,Danaii,289,8683,870,4.0,0.004597701149425287,0.7652859960552268
CharleyDodger,50,False,True,2015-08-12T17:13:11.737-04:00,463999,13392,False,False,32,Builder,CharleyDodger,6004,51236,7103,66.0,0.009291848514712094,0.5660749506903353
chilled_sake,50,True,True,2015-08-10T10:12:03.333-04:00,463832,360629,False,False,32,Builder,chilled_sake,49,22318,5620,208.0,0.03701067615658363,0.1597633136094675
iphn,50,True,True,2015-07-06T11:03:58.408-04:00,461427,360629,False,False,32,Builder,iphn,726,291154,6259,17.0,0.002716088832081802,0.8362919132149902
Blue_Trident,50,False,True,2015-06-17T13:56:11.300-04:00,460234,360629,False,False,32,Builder,Blue_Trident,459,35857,1174,7.0,0.00596252129471891,0.6903353057199211
Cristianlush,50,False,True,2015-06-14T10:45:02.481-04:00,460035,360629,False,False,32,Builder,Cristianlush,210,17020,8737,280.0,0.03204761359734463,0.20710059171597628
Elf_song,50,False,True,2015-05-24T04:38:01.180-04:00,458730,1,False,False,32,Builder,Elf_song,48120,16360,6183,20.0,0.0032346757237586934,0.8086785009861933
user_458454,50,False,True,2015-05-19T12:05:51.875-04:00,458454,19599,False,False,32,Builder,user_458454,81,3086,1084,7.0,0.006457564575645757,0.6627218934911243
hurrghhurrgh,50,False,True,2015-05-19T11:36:23.506-04:00,458450,13392,False,False,32,Builder,hurrghhurrgh,8,5423,1535,0.0,0.0,0.9625246548323472
Hoppo,50,False,True,2015-03-19T03:33:18.306-04:00,454478,1,False,False,32,Builder,Hoppo,2158,15367,8014,22.0,0.0027451959071624656,0.8323471400394478
tapnek,50,False,True,2015-03-11T22:47:18.681-04:00,454016,13392,False,False,32,Builder,tapnek,2602,33843,13015,229.0,0.01759508259700346,0.3727810650887574
suzurin,50,False,True,2015-02-11T14:34:04.276-05:00,452294,1,False,False,32,Builder,suzurin,278,46167,1617,9.0,0.0055658627087198514,0.7100591715976332
Zettamorose,50,False,True,2015-01-24T04:41:33.236-05:00,451077,13392,False,False,32,Builder,Zettamorose,2411,72756,13564,49.0,0.0036125036862282513,0.7928994082840237
G-SANtos,50,False,True,2015-01-09T18:19:00.220-05:00,450156,11672,False,False,32,Builder,G-SANtos,385,30162,1145,25.0,0.021834061135371178,0.30177514792899407
user_450066,50,False,True,2015-01-07T23:45:13.640-05:00,450066,360629,False,False,32,Builder,user_450066,0,7124,3214,190.0,0.05911636589919104,0.06706114398422092
Rignak,50,False,True,2015-01-04T12:53:10.521-05:00,449845,360629,False,False,32,Builder,Rignak,74,260981,39652,1091.0,0.027514375063048522,0.23274161735700194
Tapper,50,False,True,2015-01-01T21:37:07.536-05:00,449675,1,False,False,32,Builder,Tapper,518,13070,5178,44.0,0.008497489378138278,0.5897435897435898
user_445173,50,False,True,2014-10-17T09:24:13.557-04:00,445173,360629,False,False,32,Builder,user_445173,2521,9547,2754,36.0,0.013071895424836602,0.4674556213017751
user_441999,50,False,True,2014-08-26T05:45:08.677-04:00,441999,11672,False,False,32,Builder,user_441999,731,257534,846,15.0,0.01773049645390071,0.368836291913215
Sythini,50,False,True,2014-08-18T10:26:04.678-04:00,441504,1,False,False,32,Builder,Sythini,4337,17336,7021,35.0,0.004985044865403789,0.7396449704142012
☆♪,50,False,True,2014-07-20T13:46:08.625-04:00,439690,1,False,False,32,Builder,☆♪,3639,6574,1389,16.0,0.011519078473722102,0.49506903353057197
Blue_Stuff,50,False,True,2014-06-24T22:36:18.329-04:00,438160,1,False,False,32,Builder,Blue_Stuff,5392,32797,8562,66.0,0.007708479327259986,0.6213017751479291
Miene,50,True,True,2014-05-06T08:43:16.798-04:00,435442,360629,False,False,32,Builder,Miene,2,1366,964,8.0,0.008298755186721992,0.5956607495069033
Unbreakable,50,True,True,2014-02-17T20:36:51.822-05:00,430030,332700,False,False,32,Builder,Unbreakable,3243,174135,51795,19.0,0.00036683077517134856,0.9250493096646943
Stan_Miller,50,False,True,2014-01-25T06:33:59.395-05:00,428435,1,False,False,32,Builder,Stan_Miller,99457,24040,13500,71.0,0.0052592592592592595,0.7297830374753451
sealplayerz,50,False,True,2014-01-06T23:06:45.810-05:00,427115,1,False,False,32,Builder,sealplayerz,3535,29253,15746,30.0,0.001905245776705195,0.873767258382643
upupu,50,False,True,2013-12-23T15:42:58.379-05:00,426021,1,False,False,32,Builder,upupu,1374,8232,2805,3.0,0.0010695187165775401,0.9112426035502958
GiantCaveMushroom,50,False,True,2013-11-24T09:36:55.371-05:00,423742,360629,False,False,32,Builder,GiantCaveMushroom,97,15279,2410,12.0,0.004979253112033195,0.7416173570019724
_Aneroph_,50,False,True,2013-10-29T14:07:36.928-04:00,421595,1,False,False,32,Builder,_Aneroph_,0,2512,2238,5.0,0.002234137622877569,0.8619329388560157
Fenen,50,False,True,2013-10-19T14:15:37.120-04:00,420773,1,False,False,32,Builder,Fenen,4485,89486,18720,343.0,0.018322649572649573,0.36291913214990135
LionPride88,50,False,True,2013-09-22T04:50:12.072-04:00,418493,1,False,False,32,Builder,LionPride88,11,3279,1522,15.0,0.00985545335085414,0.5404339250493096
thefuriouscake,50,False,True,2013-09-19T08:43:46.727-04:00,418246,1,False,False,32,Builder,thefuriouscake,0,1055,883,3.0,0.0033975084937712344,0.7988165680473372
chewingrocket,50,False,True,2013-08-07T07:28:19.998-04:00,415055,1,False,False,32,Builder,chewingrocket,5,5004,970,28.0,0.0288659793814433,0.22287968441814598
RinkaS,50,False,True,2013-07-02T14:30:07.559-04:00,412246,1,False,False,32,Builder,RinkaS,146,11366,10013,631.0,0.06301807650054929,0.05719921104536485
punchington,50,False,True,2013-05-15T18:40:07.350-04:00,408400,1,False,False,32,Builder,punchington,6214,1614,920,5.0,0.005434782608695652,0.717948717948718
IronWaffle,50,False,True,2013-05-15T10:44:07.344-04:00,408371,1,False,False,32,Builder,IronWaffle,79,1910,1457,8.0,0.00549073438572409,0.7159763313609467
worldendDominator,50,False,True,2013-04-23T10:26:51.850-04:00,406536,360629,False,False,32,Builder,worldendDominator,4511,33836,12301,339.0,0.027558735062190066,0.23076923076923073
Elfaleon,50,False,True,2013-04-21T15:24:46.040-04:00,406372,13392,False,False,32,Builder,Elfaleon,385,32206,14449,319.0,0.022077652432694304,0.29783037475345164
Sacriven,50,False,True,2013-02-18T07:10:15.712-05:00,397518,13392,False,False,32,Builder,Sacriven,895,36107,20824,240.0,0.01152516327314637,0.49309664694280075
Zansnae793,50,False,True,2013-02-16T23:51:16.411-05:00,396686,1,False,False,32,Builder,Zansnae793,147,10648,9829,88.0,0.00895309797537898,0.5779092702169626
kiyah123,50,True,True,2013-01-17T05:57:06.768-05:00,394522,360629,False,False,32,Builder,kiyah123,276,16443,4459,39.0,0.008746355685131196,0.5838264299802761
souryuu9,50,False,True,2013-01-07T09:07:33.901-05:00,393738,1,False,False,32,Builder,souryuu9,305,6116,286,4.0,0.013986013986013986,0.4516765285996055
OMGkillitwithfire,50,False,True,2012-12-29T18:18:21.318-05:00,393097,360629,False,False,32,Builder,OMGkillitwithfire,29747,11439,2986,20.0,0.006697923643670462,0.6489151873767258
slenderman,50,False,True,2012-10-18T23:48:20.094-04:00,387769,1,False,False,32,Builder,slenderman,34,1493,1062,44.0,0.04143126177024482,0.13609467455621305
fossilnix,50,False,True,2012-10-18T13:59:33.109-04:00,387740,11672,False,False,32,Builder,fossilnix,216,53674,13256,39.0,0.0029420639710319857,0.8264299802761341
vkn2,50,False,True,2012-10-03T09:45:52.872-04:00,386651,1,False,False,32,Builder,vkn2,0,2176,1470,10.0,0.006802721088435374,0.6449704142011834
T!ramisu,50,True,True,2012-09-18T10:45:17.264-04:00,385510,13392,False,False,32,Builder,T!ramisu,114,6146,1554,7.0,0.0045045045045045045,0.7672583826429981
Cruzada92,50,False,True,2012-08-17T11:05:19.189-04:00,383169,1,False,False,32,Builder,Cruzada92,0,519,391,13.0,0.03324808184143223,0.19132149901380668
Youkai_Chili,50,False,True,2012-05-16T15:37:34.552-04:00,377536,1,False,False,32,Builder,Youkai_Chili,1262,6649,1236,7.0,0.0056634304207119745,0.7021696252465484
NotErich,50,False,True,2012-04-29T09:21:30.686-04:00,376382,1,False,False,32,Builder,NotErich,5,2323,1061,27.0,0.02544769085768143,0.2603550295857988
HigherFive,50,False,True,2012-04-05T19:26:06.097-04:00,374843,1,False,False,32,Builder,HigherFive,525,2076,397,9.0,0.022670025188916875,0.2919132149901381
Kaiser1412,50,False,True,2012-04-04T14:13:54.231-04:00,374767,1,False,False,32,Builder,Kaiser1412,623,930,828,32.0,0.03864734299516908,0.14792899408284022
lkjh098,50,False,True,2012-02-26T12:34:26.606-05:00,372231,1,False,False,32,Builder,lkjh098,12,22368,11791,304.0,0.025782376388771098,0.2544378698224852
stoicapple,50,False,True,2012-02-22T01:29:11.988-05:00,371879,1,False,False,32,Builder,stoicapple,407,2936,821,9.0,0.010962241169305725,0.5128205128205128
zeparoh,50,False,True,2012-02-19T23:53:47.434-05:00,371758,13392,False,False,32,Builder,zeparoh,1585,171836,14752,17.0,0.0011523861171366593,0.9053254437869822
uxw,50,False,True,2012-02-19T18:25:21.647-05:00,371739,1,False,False,32,Builder,uxw,2366,968,159,2.0,0.012578616352201259,0.4714003944773175
mirato,50,False,True,2012-01-28T11:42:10.837-05:00,370328,1002,False,False,32,Builder,mirato,137,1786,578,19.0,0.0328719723183391,0.1952662721893491
Lannihan,50,False,True,2012-01-14T16:49:49.121-05:00,369231,1,False,False,32,Builder,Lannihan,391,28686,14768,79.0,0.005349404117009751,0.7278106508875739
Manatsu-92,50,False,True,2011-12-24T19:45:09.206-05:00,367861,1,False,False,32,Builder,Manatsu-92,2670,12935,4428,90.0,0.02032520325203252,0.31755424063116366
monhan,50,False,True,2011-12-23T07:06:42.190-05:00,367766,1,False,False,32,Builder,monhan,14760,2987,1049,20.0,0.019065776930409915,0.3431952662721893
rpgman1,50,False,True,2011-12-12T09:10:46.562-05:00,367032,1,False,False,32,Builder,rpgman1,9,5391,1109,6.0,0.005410279531109108,0.7218934911242604
gary25566,50,False,True,2011-12-09T23:35:23.081-05:00,366860,1,False,False,32,Builder,gary25566,527,51678,34386,82.0,0.0023846914441924038,0.8560157790927021
DakuTree,50,False,True,2011-12-05T01:53:36.811-05:00,366578,1002,False,False,31,Platinum,DakuTree,284,36320,16767,75.0,0.004473072105922347,0.7692307692307692
Borrator,50,False,True,2011-11-08T10:22:24.054-05:00,365015,1,False,False,32,Builder,Borrator,245,5391,2555,96.0,0.037573385518591,0.15581854043392507
Keine-Sensei,50,False,True,2011-09-22T23:16:19.864-04:00,362228,13392,False,False,32,Builder,Keine-Sensei,0,3943,3743,21.0,0.0056104728827144,0.7041420118343196
BlindSargent,50,False,True,2011-09-06T17:21:24.584-04:00,361263,13392,False,False,32,Builder,BlindSargent,575,15369,6531,64.0,0.009799418159546778,0.5463510848126233
Wypatroszony,50,False,True,2011-08-27T11:18:40.070-04:00,360629,1,False,False,40,Moderator,Wypatroszony,295,11366,2689,45.0,0.0167348456675344,0.3984220907297831
FormX,50,False,True,2011-08-13T00:41:50.005-04:00,359759,11672,False,False,32,Builder,FormX,246,8872,3840,5.0,0.0013020833333333333,0.9013806706114398
abandoban,50,False,True,2011-07-08T01:48:36.301-04:00,357238,1,False,False,32,Builder,abandoban,665,9638,7308,172.0,0.02353585112205802,0.2781065088757396
Toks,50,False,True,2011-06-29T06:33:00.173-04:00,356497,1,False,False,40,Moderator,Toks,10343,84090,1128,11.0,0.00975177304964539,0.5522682445759368
Number_One_Noob,50,False,True,2011-05-26T12:06:13.785-04:00,353136,1309,False,False,32,Builder,Number_One_Noob,88,4666,1447,7.0,0.0048375950241879755,0.7514792899408285
ZombieMeowth,50,False,True,2011-05-26T00:44:40.143-04:00,353085,11672,False,False,32,Builder,ZombieMeowth,20,1059,702,8.0,0.011396011396011397,0.4990138067061144
WhatTheFox,50,False,True,2011-05-18T07:41:20.346-04:00,352317,1,False,False,32,Builder,WhatTheFox,76,3375,827,20.0,0.02418379685610641,0.272189349112426
mutopis,50,False,True,2011-05-16T23:51:34.293-04:00,352164,1,False,False,32,Builder,mutopis,2066,3417,2457,208.0,0.08465608465608465,0.023668639053254448
dean_exia,50,True,True,2011-05-12T17:53:29.710-04:00,351692,1,False,False,40,Moderator,dean_exia,529,42718,18473,82.0,0.004438910842851729,0.7731755424063116
KazuyaRazuKazama,50,False,True,2011-05-07T21:05:04.222-04:00,351189,1,False,False,32,Builder,KazuyaRazuKazama,64,21374,9283,91.0,0.009802865452978564,0.5443786982248521
oecchi,50,False,True,2011-05-04T05:14:57.750-04:00,350796,13392,False,False,32,Builder,oecchi,71,20054,12323,37.0,0.0030025156211961374,0.8224852071005917
Quwanti,50,False,True,2011-04-28T15:06:33.822-04:00,350199,1,False,False,32,Builder,Quwanti,137,5116,1659,20.0,0.012055455093429777,0.47534516765285995
Rastamepas,50,False,True,2011-04-13T17:10:13.049-04:00,348646,1309,False,False,32,Builder,Rastamepas,0,28375,5740,35.0,0.006097560975609756,0.680473372781065
BlueFox,50,False,True,2011-04-10T13:33:24.209-04:00,348377,1,False,False,40,Moderator,BlueFox,206,15456,5705,33.0,0.005784399649430325,0.7001972386587771
feline_lump,50,False,True,2011-01-30T16:09:16.745-05:00,343288,11672,False,False,32,Builder,feline_lump,1348,8666,621,7.0,0.011272141706924315,0.5088757396449703
ChaosKnight,50,False,True,2011-01-28T07:15:15.118-05:00,343061,1,False,False,32,Builder,ChaosKnight,43055,8624,2045,10.0,0.004889975550122249,0.7455621301775148
D1ce,50,False,True,2011-01-18T11:09:31.088-05:00,342359,1,False,False,32,Builder,D1ce,46,13553,5794,76.0,0.013117017604418364,0.46153846153846156
glahglahglah,50,False,True,2010-12-28T01:25:12.859-05:00,340531,11672,False,False,32,Builder,glahglahglah,0,2518,570,11.0,0.01929824561403509,0.3353057199211046
Sal.N,50,False,True,2010-11-22T01:06:50.997-05:00,337872,615,False,False,32,Builder,Sal.N,2538,59820,5104,24.0,0.004702194357366771,0.7593688362919132
Type-kun,50,True,True,2010-11-08T20:45:33.949-05:00,337059,1,False,False,50,Admin,Type-kun,2446,116356,298,1.0,0.003355704697986577,0.8027613412228797
temo,50,False,True,2010-10-28T15:00:06.863-04:00,336221,1,False,False,32,Builder,temo,4,3144,1375,18.0,0.01309090909090909,0.465483234714004
Hadookie,50,False,True,2010-09-17T10:37:37.973-04:00,333166,615,False,False,32,Builder,Hadookie,1,15,0,0.0,0.0,0.9625246548323472
OOZ662,50,True,True,2010-09-10T22:18:59.730-04:00,332700,1,False,False,40,Moderator,OOZ662,1976,34848,769,6.0,0.007802340702210663,0.6173570019723866
zaregoto,50,True,True,2010-08-06T05:26:27.402-04:00,330014,360629,False,False,32,Builder,zaregoto,5900,53242,20200,109.0,0.005396039603960396,0.7238658777120315
aclcher,50,False,True,2010-07-18T12:04:55.551-04:00,328446,615,False,False,32,Builder,aclcher,155,9686,7099,105.0,0.014790815607832089,0.44181459566074954
Bellamy,50,False,True,2010-05-25T08:11:04.532-04:00,324256,1,False,False,32,Builder,Bellamy,15,2684,1123,30.0,0.026714158504007122,0.24457593688362922
Zekana,50,False,True,2010-05-01T18:02:18.452-04:00,322635,1,False,False,32,Builder,Zekana,1789,22216,6762,42.0,0.006211180124223602,0.6785009861932939
[KN],50,False,True,2010-04-28T06:29:04.634-04:00,322386,360629,False,False,32,Builder,[KN],69,10475,6360,131.0,0.02059748427672956,0.31360946745562135
Nero3X,50,False,True,2010-04-16T21:01:31.266-04:00,321613,13392,False,False,32,Builder,Nero3X,194,8927,5619,51.0,0.009076348104644954,0.5680473372781065
Lunatic6,50,False,True,2010-04-15T19:46:29.080-04:00,321535,13392,False,False,32,Builder,Lunatic6,369,12439,7763,54.0,0.006956073682854566,0.6370808678500985
MB295,50,False,True,2010-03-11T12:07:42.083-05:00,319123,360629,False,False,32,Builder,MB295,16,2004,1268,26.0,0.02050473186119874,0.31558185404339245
Saladofstones,50,True,True,2010-02-28T11:10:38.378-05:00,318380,1,False,False,40,Moderator,Saladofstones,6056,139392,1241,42.0,0.03384367445608381,0.18343195266272194
alegria,50,False,True,2010-02-24T08:50:57.667-05:00,318096,1,False,False,32,Builder,alegria,28,6760,1474,15.0,0.0101763907734057,0.5266272189349113
ferlodergarnil,50,False,True,2010-02-21T22:28:14.791-05:00,316677,11672,False,False,32,Builder,ferlodergarnil,2755,3604,1335,10.0,0.00749063670411985,0.631163708086785
MagicalAsparagus,50,False,True,2010-02-18T05:22:32.612-05:00,313336,1309,False,False,32,Builder,MagicalAsparagus,2104,1111110,2677,54.0,0.020171834142697048,0.3214990138067061
psich,50,False,True,2010-02-11T18:01:11.138-05:00,307587,1,False,False,32,Builder,psich,413,38835,22311,180.0,0.008067769261799113,0.6094674556213018
ShinraTensei,50,False,True,2010-02-10T03:57:39.165-05:00,305866,1,False,False,32,Builder,ShinraTensei,5,9150,6522,166.0,0.025452315240723705,0.2583826429980276
F.I.A,50,False,True,2010-02-09T14:09:49.789-05:00,305326,12866,False,False,32,Builder,F.I.A,29994,4357,1071,6.0,0.0056022408963585435,0.7061143984220908
Table,50,False,True,2010-02-08T14:18:32.022-05:00,304373,13392,False,False,32,Builder,Table,1087,14999,1444,41.0,0.028393351800554016,0.2268244575936884
kunangkuadrat,50,False,True,2010-01-24T23:25:36.723-05:00,295078,1309,False,False,32,Builder,kunangkuadrat,26,3853,2659,24.0,0.009025949605114705,0.5700197238658777
rantuyetmai,50,False,True,2010-01-14T18:15:51.048-05:00,288549,1,False,False,32,Builder,rantuyetmai,1490,49237,7503,62.0,0.008263361322137812,0.6015779092702169
lastsinz,50,False,True,2010-01-01T23:40:49.834-05:00,278478,13392,False,False,32,Builder,lastsinz,2422,17015,7633,11.0,0.001441110965544347,0.8895463510848126
YaGirlJuniper,50,False,True,2009-12-26T21:34:57.255-05:00,273500,1,False,False,32,Builder,YaGirlJuniper,17940,53513,7343,125.0,0.017023015116437425,0.3865877712031558
Tsumanne,50,True,True,2009-12-16T15:16:19.668-05:00,266329,13392,False,False,32,Builder,Tsumanne,2558,15388,4803,47.0,0.009785550697480742,0.5483234714003945
akp47,50,False,True,2009-12-01T06:20:20.145-05:00,256610,360629,False,False,32,Builder,akp47,277,5541,3548,70.0,0.019729425028184894,0.32938856015779094
Himegami_Akane,50,True,True,2009-11-30T00:34:24.288-05:00,255692,360629,False,False,32,Builder,Himegami_Akane,29,17033,10681,156.0,0.014605374028649002,0.44575936883629186
Schrobby,50,False,True,2009-11-28T06:25:21.090-05:00,254161,1,False,False,32,Builder,Schrobby,2355,108454,53661,160.0,0.002981681295540523,0.8244575936883629
Benit149,50,False,True,2009-11-20T16:53:35.471-05:00,248298,1002,False,False,32,Builder,Benit149,8383,324418,25650,849.0,0.033099415204678365,0.1932938856015779
わあ,50,False,True,2009-11-04T16:31:46.513-05:00,237020,140,False,False,32,Builder,わあ,113,495,129,3.0,0.023255813953488372,0.28007889546351084
NinjaPope,50,False,True,2009-10-29T20:59:36.641-04:00,232199,13392,False,False,32,Builder,NinjaPope,7992,8180,3915,21.0,0.0053639846743295016,0.7258382642998027
Cyberia-Mix,50,False,True,2009-10-24T07:05:36.253-04:00,227562,288549,False,False,32,Builder,Cyberia-Mix,94,58445,1686,10.0,0.005931198102016607,0.6942800788954635
Xeanox,50,False,True,2009-09-27T23:25:21.877-04:00,206319,1,False,False,32,Builder,Xeanox,4,22129,11658,472.0,0.04048721907702865,0.1439842209072978
sakuraka_ama,50,False,True,2009-09-25T21:09:05.792-04:00,204613,11672,False,False,32,Builder,sakuraka_ama,21033,3845,1727,17.0,0.009843659525188187,0.5424063116370809
Marqant,50,False,True,2009-09-25T15:09:27.012-04:00,204389,13392,False,False,32,Builder,Marqant,148,10976,5459,105.0,0.019234291994870856,0.3372781065088757
Grisoni,50,False,True,2009-09-22T11:41:42.503-04:00,202230,1002,False,False,32,Builder,Grisoni,1436,3621,2025,147.0,0.0725925925925926,0.035502958579881616
buehbueh,50,True,True,2009-09-09T16:15:27.808-04:00,192105,360629,False,False,32,Builder,buehbueh,52,3925,1182,22.0,0.018612521150592216,0.3550295857988166
Anonymous9000,50,False,True,2009-08-25T18:56:05.214-04:00,179709,1,False,False,32,Builder,Anonymous9000,10636,92503,54590,2804.0,0.05136471881296941,0.096646942800789
Gobolt,50,False,True,2009-08-23T19:06:13.811-04:00,177984,288549,False,False,32,Builder,Gobolt,36,1361,903,40.0,0.044296788482835,0.1282051282051282
Bibs,50,True,True,2009-08-21T13:37:04.879-04:00,175923,360629,False,False,32,Builder,Bibs,0,41623,12529,142.0,0.011333705802538112,0.5029585798816568
Roarchu,50,False,True,2009-08-17T11:27:38.657-04:00,171919,615,False,False,32,Builder,Roarchu,16,3878,899,49.0,0.054505005561735265,0.09072978303747536
YumiKanzaki,50,False,True,2009-08-12T16:24:27.841-04:00,167462,1,False,False,32,Builder,YumiKanzaki,461,14536,8184,136.0,0.016617790811339198,0.4023668639053254
user_166417,50,False,True,2009-08-11T15:56:34.354-04:00,166417,85307,False,False,30,Gold,user_166417,231,43041,16085,44.0,0.002735467827168169,0.834319526627219
Tsuki_no_Sakura,50,False,True,2009-08-05T09:23:37.766-04:00,159945,9860,False,False,32,Builder,Tsuki_no_Sakura,528,47009,20211,460.0,0.022759883231903418,0.2899408284023669
Krad_Hunter,50,False,True,2009-07-28T19:15:16.099-04:00,151305,1,False,False,32,Builder,Krad_Hunter,819,14964,5029,32.0,0.0063630940544839925,0.6706114398422091
keonas,50,False,True,2009-07-23T00:45:46.624-04:00,149704,1,False,False,32,Builder,keonas,62,66715,25815,144.0,0.00557815223707147,0.708086785009862
Nonsense101,50,False,True,2009-07-16T22:01:22.531-04:00,143187,1,False,False,32,Builder,Nonsense101,4556,17110,11546,32.0,0.002771522605231249,0.8303747534516766
pulsr,50,False,True,2009-07-13T10:39:18.843-04:00,138960,1,False,False,32,Builder,pulsr,7,843,343,18.0,0.052478134110787174,0.09467455621301779
Kadoya,50,False,True,2009-07-11T00:03:51.845-04:00,136247,1,False,False,32,Builder,Kadoya,309,34055,26962,163.0,0.006045545582671908,0.6844181459566074
freefunctor,50,False,True,2009-07-10T17:39:15.806-04:00,135880,1309,False,False,32,Builder,freefunctor,5,4234,1550,10.0,0.0064516129032258064,0.665680473372781
Bernkastel-Chan,50,False,True,2009-07-09T08:09:29.420-04:00,134235,1002,False,False,32,Builder,Bernkastel-Chan,308,2252,779,29.0,0.037227214377406934,0.15779092702169628
Gauron1786,50,False,True,2009-07-08T13:33:20.508-04:00,133311,13392,False,False,32,Builder,Gauron1786,88,31969,19566,461.0,0.023561279771031382,0.2761341222879684
Sward,50,False,True,2009-07-08T08:12:08.740-04:00,132961,615,False,False,32,Builder,Sward,761,318,171,3.0,0.017543859649122806,0.3747534516765286
Qpax,50,True,True,2009-07-07T03:31:34.009-04:00,131474,13392,False,False,32,Builder,Qpax,314,36653,15627,236.0,0.015102066935432265,0.42998027613412226
ppizzapie,50,False,True,2009-07-06T23:46:49.984-04:00,131377,615,False,False,32,Builder,ppizzapie,16,2607,1804,26.0,0.014412416851441241,0.44773175542406307
Albelnox007,50,False,True,2009-07-06T19:21:08.792-04:00,131070,1309,False,False,32,Builder,Albelnox007,24,4416,466,27.0,0.05793991416309013,0.07495069033530577
shoujo-ai_otaku,50,False,True,2009-07-01T18:35:24.438-04:00,124852,1,False,False,32,Builder,shoujo-ai_otaku,153,1507,25,2.0,0.08,0.02564102564102566
Rampardos,50,False,True,2009-06-29T14:43:24.934-04:00,121913,1,False,False,32,Builder,Rampardos,14448,20916,2508,56.0,0.022328548644338118,0.2938856015779092
theadonicus,50,False,True,2009-06-26T23:56:53.299-04:00,117798,1,False,False,32,Builder,theadonicus,132,15365,3638,138.0,0.03793293018141836,0.14990138067061143
MissYuu,50,False,True,2009-06-25T14:34:31.322-04:00,115487,1,False,False,32,Builder,MissYuu,10,2627,1441,94.0,0.0652324774462179,0.05128205128205132
user_115224,50,False,True,2009-06-25T11:41:38.596-04:00,115224,1,False,False,32,Builder,user_115224,417,30550,8193,143.0,0.017453924081533016,0.37869822485207105
Death_Usagi,50,False,True,2009-06-23T20:45:09.341-04:00,112960,1,False,False,32,Builder,Death_Usagi,410,6791,3967,78.0,0.019662213259389966,0.33136094674556216
Elektronik,50,False,True,2009-06-23T14:12:31.669-04:00,112314,360629,False,False,32,Builder,Elektronik,121,7527,2466,15.0,0.006082725060827251,0.6824457593688362
Thömas,50,False,True,2009-06-21T18:00:43.909-04:00,111572,13392,False,False,32,Builder,Thömas,13,6252,1924,42.0,0.02182952182952183,0.3037475345167653
ninryu,50,False,True,2009-06-18T10:16:58.850-04:00,111335,1,False,False,32,Builder,ninryu,193,15397,4097,130.0,0.03173053453746644,0.2090729783037475
Pianist,50,False,True,2009-06-08T11:46:31.596-04:00,110681,1,False,False,32,Builder,Pianist,2412,4739,557,17.0,0.03052064631956912,0.21499013806706113
Eleven,50,False,True,2009-06-07T15:32:55.959-04:00,110626,12866,False,False,32,Builder,Eleven,0,5661,4287,40.0,0.009330534173081408,0.5641025641025641
HNTI,50,False,True,2009-05-30T01:51:01.238-04:00,110107,13392,False,False,32,Builder,HNTI,3,34554,11416,704.0,0.06166783461807989,0.06311637080867849
Coconut,50,False,True,2009-03-30T14:46:53.440-04:00,106261,1002,False,False,32,Builder,Coconut,3339,5148,1480,7.0,0.00472972972972973,0.757396449704142
denim.c,50,False,True,2009-03-28T23:24:11.807-04:00,106151,1309,False,False,32,Builder,denim.c,17,3222,360,6.0,0.016666666666666666,0.4003944773175543
Regelii,50,False,True,2009-03-22T01:05:45.596-04:00,105696,20020,False,False,32,Builder,Regelii,6,504,263,2.0,0.0076045627376425855,0.6252465483234714
cleartailcat,50,False,True,2009-03-08T21:15:34.433-04:00,104965,288549,False,False,32,Builder,cleartailcat,132,1520,736,10.0,0.01358695652173913,0.4536489151873767
fallen_angel,50,False,True,2009-02-27T08:48:39.787-05:00,104473,1309,False,False,32,Builder,fallen_angel,0,7743,3953,91.0,0.02302049076650645,0.28205128205128205
4get,50,False,True,2009-02-26T01:24:30.720-05:00,104404,1309,False,False,32,Builder,4get,54,8966,3178,22.0,0.006922592825676526,0.6390532544378698
staticphrase,50,False,True,2009-02-22T04:08:40.553-05:00,104165,1,False,False,32,Builder,staticphrase,74,9823,5100,98.0,0.019215686274509803,0.3412228796844181
TheodoricBlood,50,True,True,2009-02-21T17:33:30.178-05:00,104143,360629,False,False,32,Builder,TheodoricBlood,68,16502,10681,540.0,0.05055706394532347,0.10059171597633132
Tora_Gari,50,False,True,2009-02-05T08:14:34.967-05:00,103179,1,False,False,32,Builder,Tora_Gari,0,0,0,0.0,0.0,0.9625246548323472
alicemaiwaifu,50,False,True,2009-01-24T04:29:05.985-05:00,102486,360629,False,False,32,Builder,alicemaiwaifu,7,2146,790,8.0,0.010126582278481013,0.5285996055226825
Arantheus,50,False,True,2009-01-17T17:29:34.056-05:00,102116,360629,False,False,32,Builder,Arantheus,164,26526,17147,53.0,0.003090919694407185,0.8185404339250493
Nooking,50,False,True,2009-01-15T18:49:45.279-05:00,102023,12866,False,False,32,Builder,Nooking,0,255,65,0.0,0.0,0.9625246548323472
PechapaiLoli,50,False,True,2009-01-11T07:39:41.619-05:00,101780,1309,False,False,32,Builder,PechapaiLoli,96,2111,752,1.0,0.0013297872340425532,0.8994082840236687
user_101644,50,False,True,2009-01-08T12:18:34.559-05:00,101644,1309,False,False,32,Builder,user_101644,7,11421,3639,54.0,0.01483924154987634,0.4378698224852071
tenkai,50,False,True,2009-01-04T23:57:04.240-05:00,101426,1,False,False,32,Builder,tenkai,186,2944,1347,6.0,0.004454342984409799,0.7712031558185404
feldt,50,False,True,2009-01-04T06:22:35.189-05:00,101372,1309,False,False,32,Builder,feldt,79,28590,1867,2.0,0.0010712372790573112,0.9092702169625246
photonlancer,50,False,True,2008-12-05T11:27:24.729-05:00,99835,140,False,False,32,Builder,photonlancer,0,2654,1533,24.0,0.015655577299412915,0.4181459566074951
kobun,50,False,True,2008-12-04T13:52:12.797-05:00,99791,1,False,False,32,Builder,kobun,0,4630,4294,41.0,0.009548206800186306,0.5562130177514792
Tieria,50,False,True,2008-11-24T19:09:23.581-05:00,99285,360629,False,False,32,Builder,Tieria,136,4765,1735,6.0,0.00345821325648415,0.7948717948717949
dandan,50,False,True,2008-11-24T12:36:51.785-05:00,99269,360629,False,False,32,Builder,dandan,12,4801,1446,33.0,0.022821576763485476,0.2859960552268245
DrLove,50,False,True,2008-11-24T07:37:36.112-05:00,99262,1,False,False,32,Builder,DrLove,2,2755,1501,19.0,0.012658227848101266,0.4694280078895463
konstargirl,50,False,True,2008-11-15T03:40:41.817-05:00,98814,1,False,False,32,Builder,konstargirl,0,1397,448,24.0,0.05357142857142857,0.09270216962524658
Lalaca,50,False,True,2008-11-09T13:50:18.850-05:00,98579,12866,False,False,32,Builder,Lalaca,4603,4426,0,0.0,0.0,0.9625246548323472
Lunar,50,False,True,2008-10-30T11:17:32.872-04:00,98125,1309,False,False,32,Builder,Lunar,0,334,270,4.0,0.014814814814814815,0.43984220907297833
chuck_tesla,50,False,True,2008-10-19T20:24:14.579-04:00,97639,1,False,False,32,Builder,chuck_tesla,441,6456,1583,42.0,0.026531901452937462,0.24852071005917165
Fred1515,50,False,True,2008-10-14T08:43:07.241-04:00,97403,615,False,False,32,Builder,Fred1515,12,18867,2363,49.0,0.02073635209479475,0.31163708086785014
Granola,50,False,True,2008-10-04T20:39:42.428-04:00,97011,1,False,False,32,Builder,Granola,290,15665,4324,81.0,0.018732654949121186,0.34911242603550297
Melkior,50,False,True,2008-10-02T10:28:54.571-04:00,96896,1,False,False,32,Builder,Melkior,0,1529,552,51.0,0.09239130434782608,0.01972386587771202
xctman,50,False,True,2008-09-21T00:35:21.884-04:00,96381,1,False,False,32,Builder,xctman,65,3639,566,35.0,0.061837455830388695,0.06114398422090728
bad_mongo,50,False,True,2008-09-09T19:02:18.613-04:00,95963,13392,False,False,32,Builder,bad_mongo,366,42369,12227,625.0,0.051116381778032224,0.0986193293885601
Herrmobel,50,False,True,2008-08-25T06:00:30.177-04:00,95414,615,False,False,32,Builder,Herrmobel,28,40893,20259,405.0,0.019991115059973346,0.3234714003944773
neehl,50,False,True,2008-08-11T14:04:40.451-04:00,94926,12866,False,False,32,Builder,neehl,0,1845,702,7.0,0.009971509971509971,0.5384615384615384
Omegamagnum,50,False,True,2008-08-08T21:42:17.714-04:00,94838,360629,False,False,32,Builder,Omegamagnum,26,8557,4893,158.0,0.03229102799918251,0.20118343195266275
Jigster,50,False,True,2008-08-06T18:42:22.877-04:00,94777,1309,False,False,32,Builder,Jigster,0,1891,1014,12.0,0.011834319526627219,0.4812623274161736
Pilperi,50,False,True,2008-07-23T04:29:24.135-04:00,94336,11672,False,False,32,Builder,Pilperi,52,2277,448,11.0,0.024553571428571428,0.26824457593688367
Sun-Wukong,50,False,True,2008-07-10T22:48:00.890-04:00,93944,140,False,False,32,Builder,Sun-Wukong,533,415,246,34.0,0.13821138211382114,0.007889546351084853
908749,50,False,True,2008-06-22T21:51:01.712-04:00,89939,615,False,False,32,Builder,908749,31,1451,157,0.0,0.0,0.9625246548323472
Hillside_Moose,50,True,True,2008-06-13T23:09:26.938-04:00,85307,1,False,False,50,Admin,Hillside_Moose,672,883204,4821,42.0,0.008711885500933417,0.5857988165680473
WakuWaku,50,False,True,2008-06-13T16:11:02.723-04:00,85155,22,False,False,32,Builder,WakuWaku,67,4498,303,2.0,0.006600660066006601,0.6528599605522682
Syque,50,False,True,2008-06-10T17:31:07.708-04:00,83524,1,False,False,32,Builder,Syque,4648,927,2,1.0,0.5,0.0
francesca-tan,50,False,True,2008-06-07T17:48:09.881-04:00,82284,1309,False,False,32,Builder,francesca-tan,8,1713,1079,36.0,0.033364226135310475,0.18540433925049304
hytone,50,False,True,2008-06-06T02:05:02.724-04:00,81576,126,False,False,32,Builder,hytone,12,625,203,15.0,0.07389162561576355,0.0315581854043393
CodeKyuubi,50,False,True,2008-06-05T10:04:36.897-04:00,81291,1309,False,False,32,Builder,CodeKyuubi,272,58159,25098,149.0,0.0059367280261375405,0.6923076923076923
zweihander2,50,False,True,2008-06-04T20:24:43.662-04:00,81054,1,False,False,32,Builder,zweihander2,6,1242,683,28.0,0.040995607613469986,0.13806706114398426
TheExtreme,50,False,True,2008-06-03T05:46:35.759-04:00,80305,1,False,False,32,Builder,TheExtreme,8,857,492,15.0,0.03048780487804878,0.21696252465483234
UnChocolate,50,False,True,2008-06-02T07:30:23.536-04:00,79844,1,False,False,32,Builder,UnChocolate,522,14445,10930,115.0,0.010521500457456541,0.52465483234714
Roderic,50,False,True,2008-06-01T06:28:13.886-04:00,79320,1309,False,False,32,Builder,Roderic,171,841,168,12.0,0.07142857142857142,0.03747534516765283
abcadeff,50,False,True,2008-05-27T20:23:55.591-04:00,77217,20119,False,False,32,Builder,abcadeff,0,2907,549,6.0,0.01092896174863388,0.514792899408284
Frederika,50,False,True,2008-05-26T10:38:04.507-04:00,76407,22,False,False,32,Builder,Frederika,23,1115,663,47.0,0.07088989441930618,0.041420118343195256
cnmanx,50,True,True,2008-05-25T13:52:41.970-04:00,75952,360629,False,False,32,Builder,cnmanx,5,2910,810,15.0,0.018518518518518517,0.3589743589743589
hamaan333,50,False,True,2008-05-24T19:45:10.664-04:00,75545,1,False,False,32,Builder,hamaan333,0,285,198,2.0,0.010101010101010102,0.5305719921104537
DeusExCalamus,50,False,True,2008-05-24T07:32:02.809-04:00,75306,13392,False,False,32,Builder,DeusExCalamus,438,14812,11657,172.0,0.014755082782877241,0.44378698224852076
道士英,50,False,True,2008-05-22T19:07:02.200-04:00,74713,1002,False,False,32,Builder,道士英,2,566,259,3.0,0.011583011583011582,0.4891518737672583
Strider,50,False,True,2008-05-17T04:48:38.326-04:00,71792,1,False,False,32,Builder,Strider,0,1004,502,32.0,0.06374501992031872,0.053254437869822535
zigzag,50,True,True,2008-05-13T23:52:58.133-04:00,69681,360629,False,False,32,Builder,zigzag,89,47688,1425,2.0,0.0014035087719298245,0.893491124260355
Xephina,50,False,True,2008-05-10T22:56:15.702-04:00,67005,12866,False,False,32,Builder,Xephina,59,17692,5302,100.0,0.01886080724254998,0.34714003944773175
loenthk,50,False,True,2008-05-08T15:14:07.843-04:00,65836,1309,False,False,32,Builder,loenthk,33,968,665,18.0,0.02706766917293233,0.23668639053254437
Monoz_,50,False,True,2008-05-07T08:26:36.973-04:00,64655,1309,False,False,32,Builder,Monoz_,0,4390,310,6.0,0.01935483870967742,0.33333333333333337
eidolon,50,True,True,2008-05-06T17:10:59.947-04:00,63502,360629,False,False,32,Builder,eidolon,70,8998,988,14.0,0.01417004048582996,0.4497041420118343
RisaMadara,50,False,True,2008-05-06T14:19:08.506-04:00,63184,1,False,False,32,Builder,RisaMadara,137,1174,217,23.0,0.10599078341013825,0.011834319526627168
v571866,50,True,True,2008-05-06T06:27:09.054-04:00,62191,360629,False,False,32,Builder,v571866,176,22227,14539,136.0,0.009354150904463857,0.5601577909270217
hillalillanana,50,False,True,2008-05-06T04:31:36.524-04:00,61973,22,False,False,32,Builder,hillalillanana,0,600,374,21.0,0.05614973262032086,0.08284023668639051
kanatyanko,50,False,True,2008-05-05T21:33:27.389-04:00,61214,1,False,False,32,Builder,kanatyanko,20,12827,6319,73.0,0.011552460832410192,0.49112426035502954
Elfenus,50,False,True,2008-05-03T14:42:37.678-04:00,60989,1,False,False,32,Builder,Elfenus,28,34175,1710,27.0,0.015789473684210527,0.41420118343195267
Ranranrun,50,False,True,2008-04-28T21:50:09.964-04:00,60773,10676,False,False,32,Builder,Ranranrun,101,1098,289,12.0,0.04152249134948097,0.13412228796844183
Specck,50,False,True,2008-04-23T09:00:32.797-04:00,60523,22,False,False,32,Builder,Specck,0,224,119,7.0,0.058823529411764705,0.07001972386587774
glasnost,50,False,True,2008-04-18T08:36:26.704-04:00,60288,615,False,False,32,Builder,glasnost,20763,6361,961,19.0,0.019771071800208116,0.32741617357001973
DschingisKhan,50,False,True,2008-03-29T19:07:42.267-04:00,60134,9473,False,False,32,Builder,DschingisKhan,403,11003,1446,30.0,0.02074688796680498,0.3096646942800789
kyoh_,50,True,True,2008-03-24T21:31:47.070-04:00,59923,360629,False,False,32,Builder,kyoh_,37,8278,1552,4.0,0.002577319587628866,0.8441814595660749
biscuit1000,50,False,True,2008-03-24T14:17:41.626-04:00,59906,140,False,False,32,Builder,biscuit1000,0,866,526,12.0,0.022813688212927757,0.2879684418145957
Katzbalger,50,False,True,2008-03-21T10:57:50.555-04:00,59786,10676,False,False,32,Builder,Katzbalger,1,554,434,2.0,0.004608294930875576,0.7633136094674556
Jigsy,50,False,True,2008-03-17T20:22:11.737-04:00,59648,1309,False,False,32,Builder,Jigsy,111,11531,6524,52.0,0.00797057020232986,0.611439842209073
Tenebrous,50,False,True,2008-03-05T06:26:21.992-05:00,58866,1,False,False,32,Builder,Tenebrous,224,2969,2167,159.0,0.07337332718043378,0.0335305719921104
Jarlath,50,False,True,2008-03-01T18:21:19.365-05:00,56947,85307,False,False,32,Builder,Jarlath,3687,20760,11121,38.0,0.0034169589065731498,0.796844181459566
lxs,50,False,True,2008-03-01T08:24:33.138-05:00,56694,1309,False,False,32,Builder,lxs,60,12584,10059,114.0,0.011333134506412169,0.504930966469428
cleg,50,False,True,2008-03-01T06:43:43.843-05:00,56644,1,False,False,32,Builder,cleg,0,560,239,17.0,0.07112970711297072,0.03944773175542404
OverCloudBeagle,50,False,True,2008-02-29T11:14:16.643-05:00,56186,9860,False,False,32,Builder,OverCloudBeagle,1073,4516,1911,12.0,0.006279434850863423,0.6745562130177515
Soneg,50,False,True,2008-02-29T08:43:11.597-05:00,56146,12866,False,False,32,Builder,Soneg,0,2282,904,31.0,0.034292035398230086,0.1775147928994083
seabook,50,False,True,2008-02-28T19:54:30.598-05:00,55885,7624,False,False,32,Builder,seabook,3607,5547,459,3.0,0.006535947712418301,0.6577909270216962
TRAVISTOUCHDOWN,50,False,True,2008-02-26T12:30:19.625-05:00,54615,1309,False,False,32,Builder,TRAVISTOUCHDOWN,0,202,84,2.0,0.023809523809523808,0.2741617357001972
S1eth,50,False,True,2008-02-25T10:28:10.949-05:00,53985,615,False,False,32,Builder,S1eth,2897,107075,235,4.0,0.01702127659574468,0.388560157790927
Slayze,50,False,True,2008-02-25T00:57:22.803-05:00,53755,1002,False,False,32,Builder,Slayze,1403,1499,152,2.0,0.013157894736842105,0.45759368836291914
ultima,50,True,True,2008-02-24T22:28:47.683-05:00,53693,360629,False,False,32,Builder,ultima,0,3952,248,8.0,0.03225806451612903,0.20315581854043396
firechikara,50,False,True,2008-02-24T08:22:09.493-05:00,53293,1,False,False,32,Builder,firechikara,40053,29103,7539,24.0,0.0031834460803820135,0.8126232741617356
tomomaru,50,False,True,2008-02-24T07:17:58.549-05:00,53264,20119,False,False,32,Builder,tomomaru,4,2253,1551,87.0,0.05609284332688588,0.08481262327416172
evazion,50,False,True,2008-02-23T08:41:04.600-05:00,52664,140,False,False,32,Builder,evazion,197,328858,3676,30.0,0.008161044613710556,0.6035502958579881
一声,50,False,True,2008-02-21T21:33:29.976-05:00,51852,140,False,False,32,Builder,一声,347,457,90,3.0,0.03333333333333333,0.18737672583826426
RiderFan,50,True,True,2008-02-21T08:31:17.334-05:00,51538,360629,False,False,32,Builder,RiderFan,1085,144933,2364,48.0,0.02030456852791878,0.3195266272189349
dereyoruk,50,False,True,2008-02-18T10:34:34.638-05:00,49984,10676,False,False,32,Builder,dereyoruk,51,25029,18455,59.0,0.0031969655919804932,0.8106508875739645
recklessfirex,50,False,True,2008-02-17T21:19:36.907-05:00,49628,288549,False,False,32,Builder,recklessfirex,35330,13043,8113,11.0,0.0013558486379884136,0.8974358974358975
nanami,50,False,True,2008-02-17T00:49:49.037-05:00,49091,360629,False,False,32,Builder,nanami,2168,145381,82454,3767.0,0.04568607951100007,0.12426035502958577
10half,50,False,True,2008-02-14T17:00:43.203-05:00,47806,20119,False,False,32,Builder,10half,1529,9286,1899,75.0,0.03949447077409163,0.145956607495069
rabidcrayon,50,False,True,2008-02-12T15:51:48.650-05:00,46740,615,False,False,32,Builder,rabidcrayon,0,2405,627,23.0,0.03668261562998405,0.1617357001972387
user_45515,50,False,True,2008-02-10T12:43:47.760-05:00,45515,615,False,False,32,Builder,user_45515,78,2588,892,1.0,0.0011210762331838565,0.9072978303747534
Kayako,50,False,True,2008-02-09T07:05:28.888-05:00,44748,140,False,False,32,Builder,Kayako,21,40406,422,8.0,0.018957345971563982,0.34516765285996054
ice73,50,False,True,2008-02-07T07:45:32.746-05:00,43677,1309,False,False,32,Builder,ice73,290,9751,1940,48.0,0.024742268041237112,0.26627218934911245
Ayayaya,50,False,True,2008-02-07T01:20:29.978-05:00,43570,140,False,False,32,Builder,Ayayaya,1,1223,629,1.0,0.001589825119236884,0.883629191321499
haku-desu,50,True,True,2008-02-01T07:12:47.261-05:00,40414,360629,False,False,32,Builder,haku-desu,5,5444,2298,74.0,0.03220191470844212,0.20512820512820518
headache16,50,False,True,2008-01-31T21:34:00.360-05:00,40225,1309,False,False,32,Builder,headache16,45,983,448,12.0,0.026785714285714284,0.242603550295858
Action_Kamen,50,False,True,2008-01-30T07:31:40.780-05:00,39411,1,False,False,32,Builder,Action_Kamen,0,29645,15720,1083.0,0.06889312977099236,0.047337278106508895
john1980,50,False,True,2008-01-30T01:05:23.396-05:00,39276,140,False,False,32,Builder,john1980,15322,78386,20079,118.0,0.005876786692564371,0.6962524654832347
Aurelia,50,False,True,2008-01-26T18:53:45.154-05:00,37466,1309,False,False,32,Builder,Aurelia,0,3776,1474,4.0,0.0027137042062415195,0.8402366863905325
reese,50,False,True,2008-01-25T12:06:37.503-05:00,36716,12866,False,False,32,Builder,reese,582,35602,5749,11.0,0.0019133762393459732,0.8698224852071006
Vu,50,False,True,2008-01-25T01:29:07.327-05:00,36470,1,False,False,32,Builder,Vu,9,2510,185,6.0,0.032432432432432434,0.19921104536489154
chou,50,False,True,2008-01-25T00:37:34.787-05:00,36459,1,False,False,32,Builder,chou,40,311,254,7.0,0.027559055118110236,0.2287968441814595
pkmntrainer7,50,False,True,2008-01-23T18:45:05.660-05:00,35874,360629,False,False,32,Builder,pkmntrainer7,0,6658,6090,133.0,0.021839080459770115,0.29980276134122286
Garuda,50,False,True,2008-01-23T07:35:02.742-05:00,35636,1,False,False,32,Builder,Garuda,521,6607,2559,5.0,0.0019538882375928096,0.8678500986193294
Sierain,50,False,True,2008-01-21T04:47:27.025-05:00,34472,1,False,False,32,Builder,Sierain,0,248,138,11.0,0.07971014492753623,0.027613412228796874
Suzuki,50,False,True,2008-01-20T23:48:48.223-05:00,34355,1309,False,False,32,Builder,Suzuki,0,14114,2704,49.0,0.018121301775147928,0.36489151873767256
hitokage,50,False,True,2008-01-20T22:15:44.871-05:00,34312,22,False,False,32,Builder,hitokage,0,4020,2149,21.0,0.009771986970684038,0.5502958579881656
Inferno,50,False,True,2008-01-18T11:15:10.972-05:00,32756,1309,False,False,32,Builder,Inferno,6028,105190,598,6.0,0.010033444816053512,0.5345167652859961
Ars,50,False,True,2008-01-17T11:14:21.727-05:00,32251,615,False,False,32,Builder,Ars,1440,61173,33637,24.0,0.0007135000148645837,0.9171597633136095
Pitch,50,False,True,2008-01-17T00:31:20.932-05:00,32025,1309,False,False,32,Builder,Pitch,639,1972,367,4.0,0.010899182561307902,0.5167652859960552
Pickie,50,False,True,2008-01-15T17:24:10.594-05:00,31404,1309,False,False,32,Builder,Pickie,19,3373,2556,85.0,0.03325508607198748,0.18934911242603547
Miluda,50,False,True,2008-01-15T03:07:45.853-05:00,31086,140,False,False,32,Builder,Miluda,328,387,198,0.0,0.0,0.9625246548323472
Mysterio006,50,False,True,2008-01-13T19:50:26.494-05:00,30466,22,False,False,32,Builder,Mysterio006,3861,27190,13933,134.0,0.009617454963037394,0.554240631163708
Teclo,50,False,True,2008-01-13T14:23:01.286-05:00,30333,1,False,False,32,Builder,Teclo,1413,4323,1767,22.0,0.01245048104131296,0.47337278106508873
user_30290,50,False,True,2008-01-13T12:33:58.242-05:00,30290,11672,False,False,32,Builder,user_30290,48,7623,1395,14.0,0.01003584229390681,0.5325443786982249
Doragonn,50,False,True,2008-01-13T01:33:34.369-05:00,30072,1309,False,False,32,Builder,Doragonn,607,93505,35794,137.0,0.003827457115717718,0.7869822485207101
Gvenvivar,50,False,True,2008-01-12T11:53:02.944-05:00,29717,1,False,False,32,Builder,Gvenvivar,0,472,305,4.0,0.013114754098360656,0.4635108481262328
MugiMugi,50,False,True,2008-01-12T11:45:35.564-05:00,29709,10676,False,False,32,Builder,MugiMugi,0,1691,100,0.0,0.0,0.9625246548323472
user_29689,50,False,True,2008-01-12T10:49:34.897-05:00,29689,140,False,False,32,Builder,user_29689,0,5078,297,5.0,0.016835016835016835,0.39644970414201186
lemontree,50,False,True,2008-01-11T23:03:35.568-05:00,29401,1309,False,False,32,Builder,lemontree,1540,1053,628,11.0,0.01751592356687898,0.37672583826429984
Befgrek,50,False,True,2008-01-11T16:45:50.410-05:00,29249,1309,False,False,32,Builder,Befgrek,2882,1712,836,4.0,0.004784688995215311,0.7554240631163708
yumsha,50,False,True,2008-01-11T07:48:58.934-05:00,29004,9860,False,False,32,Builder,yumsha,0,1825,216,10.0,0.046296296296296294,0.12228796844181455
Soljashy,50,False,True,2008-01-09T23:22:22.625-05:00,28220,140,False,False,32,Builder,Soljashy,24897,3130,359,8.0,0.022284122562674095,0.29585798816568043
Phinichi,50,False,True,2008-01-09T07:10:57.278-05:00,27817,12866,False,False,32,Builder,Phinichi,5,2774,369,0.0,0.0,0.9625246548323472
Shebadotfr,50,False,True,2008-01-08T21:17:12.744-05:00,27572,13392,False,False,32,Builder,Shebadotfr,24,3823,2429,152.0,0.06257719226018937,0.059171597633136064
Tolone,50,False,True,2008-01-08T19:37:21.030-05:00,27529,1,False,False,32,Builder,Tolone,0,3035,932,20.0,0.02145922746781116,0.3076923076923077
StorminNorman,50,False,True,2008-01-08T10:24:15.662-05:00,27222,1309,False,False,32,Builder,StorminNorman,0,15286,2178,12.0,0.005509641873278237,0.7140039447731755
robot_touch,50,False,True,2008-01-07T16:44:37.087-05:00,26715,22,False,False,32,Builder,robot_touch,0,0,0,0.0,0.0,0.9625246548323472
morbo,50,False,True,2008-01-03T07:57:29.604-05:00,25912,9929,False,False,32,Builder,morbo,0,378,280,8.0,0.02857142857142857,0.2248520710059172
ilari,50,False,True,2008-01-02T14:43:01.473-05:00,25195,1309,False,False,32,Builder,ilari,2,2275,1159,5.0,0.004314063848144953,0.777120315581854
buzzsaw13,50,False,True,2008-01-02T13:45:22.170-05:00,25146,1309,False,False,32,Builder,buzzsaw13,0,458,401,6.0,0.014962593516209476,0.4319526627218935
roffle,50,False,True,2008-01-02T08:59:59.496-05:00,24998,1309,False,False,32,Builder,roffle,96,463,177,0.0,0.0,0.9625246548323472
Jiggles,50,False,True,2008-01-01T09:56:38.390-05:00,24452,615,False,False,32,Builder,Jiggles,0,339,111,3.0,0.02702702702702703,0.2406311637080868
Silent7,50,False,True,2007-12-31T15:52:59.175-05:00,24094,615,False,False,32,Builder,Silent7,10,436,159,1.0,0.006289308176100629,0.6725838264299803
solomon,50,False,True,2007-12-31T13:52:40.500-05:00,24056,10676,False,False,32,Builder,solomon,1,1541,782,4.0,0.005115089514066497,0.7357001972386588
BrokenEagle98,50,False,True,2007-12-30T23:13:18.602-05:00,23799,13392,False,False,32,Builder,BrokenEagle98,33968,525133,20278,303.0,0.01494230200216984,0.4339250493096647
Ephyon,50,True,True,2007-12-30T13:08:24.815-05:00,23580,360629,False,False,32,Builder,Ephyon,127,7156,1290,2.0,0.0015503875968992248,0.8856015779092702
TehShien,50,False,True,2007-12-30T06:24:10.766-05:00,23421,1,False,False,32,Builder,TehShien,94,260,140,7.0,0.05,0.10453648915187375
0xC0FFEE,50,False,True,2007-12-29T23:34:52.598-05:00,23260,1137,False,False,32,Builder,0xC0FFEE,10,15294,7386,40.0,0.005415651232060655,0.7199211045364892
r0d3n7z,50,False,True,2007-12-29T20:51:23.486-05:00,23205,1,False,False,32,Builder,r0d3n7z,7639,30129,1817,54.0,0.02971931755641167,0.22090729783037477
Algasir,50,False,True,2007-12-29T18:11:15.671-05:00,23152,140,False,False,32,Builder,Algasir,105,9309,1297,22.0,0.016962220508866616,0.3905325443786982
VanillaGUI,50,False,True,2007-12-29T03:09:19.099-05:00,22850,1,False,False,32,Builder,VanillaGUI,3,7033,2976,35.0,0.011760752688172043,0.485207100591716
Stork,50,False,True,2007-12-28T19:05:10.589-05:00,22715,10676,False,False,32,Builder,Stork,1,6167,733,1.0,0.001364256480218281,0.8954635108481263
lolinternet,50,False,True,2007-12-28T02:50:17.094-05:00,22379,10676,False,False,32,Builder,lolinternet,78,546,452,0.0,0.0,0.9625246548323472
Kegura,50,False,True,2007-12-27T06:06:14.615-05:00,21954,1,False,False,32,Builder,Kegura,0,1120,771,13.0,0.016861219195849545,0.39447731755424065
mnichu,50,False,True,2007-12-26T20:47:00.590-05:00,21757,360629,False,False,32,Builder,mnichu,13,13122,8783,379.0,0.043151542753045655,0.13214990138067062
crtoto,50,False,True,2007-12-26T07:06:43.316-05:00,21383,9557,False,False,32,Builder,crtoto,0,85,65,1.0,0.015384615384615385,0.4240631163708086
Seika,50,False,True,2007-12-25T19:24:02.224-05:00,21073,1,False,False,32,Builder,Seika,20560,1709,828,39.0,0.04710144927536232,0.11834319526627224
kyouray,50,False,True,2007-12-25T01:14:41.800-05:00,20543,1309,False,False,32,Builder,kyouray,14,1304,518,3.0,0.005791505791505791,0.6982248520710059
argus88,50,False,True,2007-12-24T18:50:51.613-05:00,20370,7624,False,False,32,Builder,argus88,0,1030,654,13.0,0.019877675840978593,0.3254437869822485
SnowfairyX,50,False,True,2007-12-24T13:06:43.331-05:00,20174,1,False,False,32,Builder,SnowfairyX,0,624,336,5.0,0.01488095238095238,0.4358974358974359
Ayu,50,False,True,2007-12-24T06:45:50.986-05:00,19932,1,False,False,32,Builder,Ayu,33,3554,787,32.0,0.04066073697585769,0.14003944773175547
Crotalus,50,False,True,2007-12-23T23:33:59.153-05:00,19645,10676,False,False,32,Builder,Crotalus,119,3570,2462,23.0,0.00934199837530463,0.5621301775147929
Apollyon,50,True,True,2007-12-23T08:20:15.964-05:00,19599,1,False,False,40,Moderator,Apollyon,34,245629,30800,544.0,0.017662337662337664,0.3708086785009862
Pochagnole,50,False,True,2007-12-23T06:54:47.524-05:00,19595,144,False,False,32,Builder,Pochagnole,0,148,72,0.0,0.0,0.9625246548323472
yaymoo,50,False,True,2007-12-22T15:10:38.336-05:00,19544,1,False,False,32,Builder,yaymoo,1,396,245,8.0,0.0326530612244898,0.19723865877712032
testure,50,False,True,2007-12-19T14:47:02.791-05:00,19358,15659,False,False,32,Builder,testure,3,1909,907,5.0,0.005512679162072767,0.7120315581854043
BiZzAr0,50,False,True,2007-12-18T15:56:14.934-05:00,19296,126,False,False,32,Builder,BiZzAr0,16,1054,375,7.0,0.018666666666666668,0.3510848126232742
Nonox,50,False,True,2007-12-18T07:50:24.409-05:00,19276,1,False,False,32,Builder,Nonox,13,139,85,0.0,0.0,0.9625246548323472
F@ll3n,50,False,True,2007-12-14T18:14:10.969-05:00,19003,1309,False,False,32,Builder,F@ll3n,14,12179,7382,25.0,0.003386616093199675,0.8007889546351085
Ataraxia_,50,False,True,2007-12-12T19:07:56.182-05:00,18882,140,False,False,32,Builder,Ataraxia_,0,453,174,3.0,0.017241379310344827,0.38264299802761337
precia,50,False,True,2007-12-11T17:59:00.578-05:00,18822,10676,False,False,32,Builder,precia,20,1431,1106,9.0,0.0081374321880651,0.6055226824457594
Bloodletter,50,False,True,2007-12-08T13:00:53.237-05:00,18622,360629,False,False,32,Builder,Bloodletter,1154,25300,2392,10.0,0.004180602006688963,0.7830374753451677
atomodin,50,False,True,2007-12-06T08:25:20.170-05:00,18444,1309,False,False,32,Builder,atomodin,0,163,100,1.0,0.01,0.5364891518737673
jiraiya,50,False,True,2007-12-03T15:59:16.212-05:00,18247,144,False,False,32,Builder,jiraiya,2,1753,1010,41.0,0.040594059405940595,0.14201183431952658
hextra,50,False,True,2007-12-03T14:57:36.488-05:00,18240,140,False,False,32,Builder,hextra,8,796,367,6.0,0.01634877384196185,0.4063116370808678
neoki3,50,False,True,2007-12-02T17:17:50.765-05:00,18149,1,False,False,32,Builder,neoki3,134,9714,6193,114.0,0.01840787986436299,0.36094674556213013
c09,50,False,True,2007-12-02T01:56:25.140-05:00,18073,1,False,False,32,Builder,c09,0,1264,444,28.0,0.06306306306306306,0.05522682445759364
Buford,50,False,True,2007-12-01T20:50:10.017-05:00,18047,1309,False,False,32,Builder,Buford,2,1343,276,6.0,0.021739130434782608,0.3057199211045365
Brightlight,50,False,True,2007-12-01T18:22:12.353-05:00,18031,7624,False,False,32,Builder,Brightlight,8371,20094,398,1.0,0.002512562814070352,0.8481262327416174
ceecee,50,False,True,2007-11-30T04:52:13.727-05:00,17863,13658,False,False,32,Builder,ceecee,1,241,150,1.0,0.006666666666666667,0.650887573964497
SovietRussia,50,False,True,2007-11-29T13:45:54.941-05:00,17813,1,False,False,32,Builder,SovietRussia,11,832,339,0.0,0.0,0.9625246548323472
Iskender,50,False,True,2007-11-29T12:54:15.112-05:00,17805,9490,False,False,32,Builder,Iskender,0,409,125,6.0,0.048,0.11439842209072981
Con,50,False,True,2007-11-29T08:41:45.791-05:00,17790,1309,False,False,32,Builder,Con,327,1402,446,4.0,0.008968609865470852,0.5759368836291914
BakersCat,50,False,True,2007-11-28T12:48:53.794-05:00,17697,7624,False,False,32,Builder,BakersCat,568,5242,569,9.0,0.015817223198594025,0.41222879684418146
Ralen,50,False,True,2007-11-24T13:03:57.826-05:00,17243,10676,False,False,32,Builder,Ralen,11333,2309,268,5.0,0.018656716417910446,0.3530571992110454
Eridani,50,False,True,2007-11-24T07:54:21.670-05:00,17212,1309,False,False,32,Builder,Eridani,5,239,121,0.0,0.0,0.9625246548323472
thetruth_34,50,False,True,2007-11-23T19:02:26.291-05:00,17169,1309,False,False,32,Builder,thetruth_34,0,14705,11188,58.0,0.005184125849124061,0.7317554240631163
aldeayeah,50,False,True,2007-11-23T01:54:53.369-05:00,17068,140,False,False,32,Builder,aldeayeah,294,4794,1105,3.0,0.0027149321266968325,0.8382642998027614
Misanthropic,50,False,True,2007-11-21T09:48:26.487-05:00,16908,13966,False,False,32,Builder,Misanthropic,0,1046,237,4.0,0.016877637130801686,0.39250493096646943
kagusuchi,50,False,True,2007-11-19T22:27:01.013-05:00,16738,1309,False,False,32,Builder,kagusuchi,0,105,95,0.0,0.0,0.9625246548323472
metal123,50,False,True,2007-11-17T08:52:36.597-05:00,16383,13966,False,False,32,Builder,metal123,2,151,64,2.0,0.03125,0.2110453648915187
Grahf,50,False,True,2007-11-16T19:05:59.031-05:00,16312,9685,False,False,32,Builder,Grahf,58,5066,3101,20.0,0.0064495324089003546,0.6686390532544378
darkdaken,50,False,True,2007-11-16T12:10:14.288-05:00,16269,13249,False,False,32,Builder,darkdaken,89,172,76,0.0,0.0,0.9625246548323472
Magus,50,False,True,2007-11-11T18:27:52.740-05:00,15864,9929,False,False,32,Builder,Magus,4632,56448,13034,117.0,0.008976522940003069,0.5739644970414202
darkship,50,False,True,2007-11-11T11:31:56.128-05:00,15833,9557,False,False,32,Builder,darkship,0,1422,399,3.0,0.007518796992481203,0.6282051282051282
Evangeline_A.K._McDowell,50,False,True,2007-11-10T19:34:14.324-05:00,15754,360629,False,False,32,Builder,Evangeline_A.K._McDowell,17642,46815,28735,91.0,0.003166869671132765,0.8145956607495068
Escobar,50,False,True,2007-11-10T14:16:21.590-05:00,15719,11077,False,False,32,Builder,Escobar,0,370,176,0.0,0.0,0.9625246548323472
cubicjack,50,False,True,2007-11-10T11:50:58.918-05:00,15704,22,False,False,32,Builder,cubicjack,0,322,290,0.0,0.0,0.9625246548323472
gsimon,50,False,True,2007-11-10T01:30:16.465-05:00,15659,1137,False,False,32,Builder,gsimon,15,3736,2630,28.0,0.01064638783269962,0.5187376725838264
Sunfox,50,False,True,2007-11-09T12:21:27.455-05:00,15608,22,False,False,32,Builder,Sunfox,0,268,204,9.0,0.04411764705882353,0.1301775147928994
DB,50,False,True,2007-11-09T08:24:21.870-05:00,15588,12679,False,False,32,Builder,DB,1,273,175,4.0,0.022857142857142857,0.28402366863905326
Bansho,50,False,True,2007-11-07T17:19:01.589-05:00,15425,1309,False,False,32,Builder,Bansho,54898,32272,1450,22.0,0.015172413793103448,0.42800788954635105
Fayli,50,False,True,2007-11-05T00:20:17.172-05:00,15115,1002,False,False,32,Builder,Fayli,4,12414,6816,13.0,0.0019072769953051643,0.8717948717948718
Akari,50,False,True,2007-11-04T09:23:20.535-05:00,15031,22,False,False,32,Builder,Akari,3615,2271,959,7.0,0.0072992700729927005,0.6351084812623274
BakaHoushi,50,False,True,2007-11-04T05:35:28.712-05:00,15003,1,False,False,32,Builder,BakaHoushi,195,5595,4070,30.0,0.007371007371007371,0.6331360946745562
Arrowmaster,50,False,True,2007-11-04T01:04:08.467-04:00,14983,615,False,False,32,Builder,Arrowmaster,89,174,104,0.0,0.0,0.9625246548323472
fuzzycat,50,False,True,2007-11-03T19:35:23.707-04:00,14955,1309,False,False,32,Builder,fuzzycat,0,1370,889,7.0,0.007874015748031496,0.6153846153846154
Rasuberi,50,False,True,2007-11-03T17:27:38.894-04:00,14944,1,False,False,32,Builder,Rasuberi,104,417,183,3.0,0.01639344262295082,0.4043392504930966
Dalamar,50,False,True,2007-11-02T08:16:51.225-04:00,14738,1,False,False,32,Builder,Dalamar,0,2590,638,17.0,0.02664576802507837,0.24654832347140043
Rengeki_Storm,50,False,True,2007-11-01T14:36:18.998-04:00,14676,140,False,False,32,Builder,Rengeki_Storm,0,1178,441,7.0,0.015873015873015872,0.41025641025641024
ShadowbladeEdge,50,False,True,2007-11-01T12:53:44.459-04:00,14662,1,False,False,40,Moderator,ShadowbladeEdge,578,206199,2537,28.0,0.01103665746945211,0.5108481262327416
picnic,50,False,True,2007-10-31T22:02:46.014-04:00,14611,1309,False,False,32,Builder,picnic,585,9315,2433,86.0,0.03534730785039047,0.16962524654832345
Dbx,50,False,True,2007-10-31T20:12:15.121-04:00,14602,12866,False,False,32,Builder,Dbx,143,26124,19703,37.0,0.0018778866162513324,0.8777120315581854
mene,50,False,True,2007-10-31T12:58:17.321-04:00,14567,1309,False,False,32,Builder,mene,0,1005,446,3.0,0.006726457399103139,0.6469428007889546
ePlus,50,False,True,2007-10-30T00:14:38.191-04:00,14417,360629,False,False,32,Builder,ePlus,1,1323,219,0.0,0.0,0.9625246548323472
dragoonzz,50,False,True,2007-10-28T16:43:23.708-04:00,14268,1137,False,False,32,Builder,dragoonzz,1,1151,724,6.0,0.008287292817679558,0.5976331360946745
bigrich,50,False,True,2007-10-28T13:40:38.954-04:00,14239,360629,False,False,32,Builder,bigrich,21,9337,3260,10.0,0.003067484662576687,0.8205128205128205
Ghosty,50,False,True,2007-10-27T08:12:26.105-04:00,14080,9546,False,False,32,Builder,Ghosty,0,340,262,2.0,0.007633587786259542,0.6232741617357003
Swift,50,False,True,2007-10-27T00:01:06.571-04:00,14036,13038,False,False,32,Builder,Swift,28,2175,1082,7.0,0.006469500924214418,0.6607495069033531
blaen,50,False,True,2007-10-25T17:19:12.910-04:00,13892,1,False,False,32,Builder,blaen,61,206,123,0.0,0.0,0.9625246548323472
Not_One_Of_Us,50,False,True,2007-10-25T00:32:48.348-04:00,13793,13392,False,False,32,Builder,Not_One_Of_Us,117,11241,8454,70.0,0.008280104092737165,0.5996055226824457
pikuchan,50,False,True,2007-10-24T05:59:50.651-04:00,13714,1,False,False,32,Builder,pikuchan,27080,24444,13318,32.0,0.0024027631776543023,0.854043392504931
Jue,50,False,True,2007-10-24T00:44:08.197-04:00,13700,615,False,False,32,Builder,Jue,15,28940,11890,182.0,0.015306980656013457,0.42603550295857984
Psyshroom,50,False,True,2007-10-23T21:16:52.808-04:00,13678,140,False,False,32,Builder,Psyshroom,72,250,175,0.0,0.0,0.9625246548323472
CyberWire,50,False,True,2007-10-23T08:42:30.192-04:00,13600,1,False,False,32,Builder,CyberWire,25,65865,301,9.0,0.029900332225913623,0.21893491124260356
Nishiki,50,False,True,2007-10-23T07:47:46.739-04:00,13589,1,False,False,32,Builder,Nishiki,0,207,133,1.0,0.007518796992481203,0.6282051282051282
Kefit,50,False,True,2007-10-22T23:48:44.044-04:00,13562,22,False,False,32,Builder,Kefit,184,48,31,0.0,0.0,0.9625246548323472
RaisingK,50,True,True,2007-10-22T14:57:18.805-04:00,13506,1,False,False,40,Moderator,RaisingK,12690,1095024,33946,54.0,0.001590761798150003,0.8816568047337279
NWF_Renim,50,True,True,2007-10-21T18:55:41.020-04:00,13392,1,False,False,50,Admin,NWF_Renim,1752,285956,737,3.0,0.004070556309362279,0.7850098619329389
qwertyuiop,50,False,True,2007-10-20T17:42:49.454-04:00,13249,7624,False,False,32,Builder,qwertyuiop,4,110,59,4.0,0.06779661016949153,0.04930966469428011
Servizio,50,False,True,2007-10-19T22:45:37.639-04:00,13148,1309,False,False,32,Builder,Servizio,6,357,195,0.0,0.0,0.9625246548323472
miragio,50,False,True,2007-10-19T22:08:55.835-04:00,13144,12866,False,False,32,Builder,miragio,7,4554,383,27.0,0.07049608355091384,0.04339250493096647
darkadherent,50,False,True,2007-10-19T21:36:03.805-04:00,13141,22,False,False,32,Builder,darkadherent,294,1239,701,8.0,0.011412268188302425,0.4970414201183432
Jackie,50,False,True,2007-10-19T07:41:12.506-04:00,13056,140,False,False,32,Builder,Jackie,0,971,473,4.0,0.008456659619450317,0.591715976331361
NCAA_Gundam,50,False,True,2007-10-19T06:02:46.208-04:00,13047,1,False,False,32,Builder,NCAA_Gundam,984,62965,46356,152.0,0.003278971438432997,0.8067061143984221
IchiMashiPotatos,50,False,True,2007-10-19T03:41:46.479-04:00,13038,11077,False,False,32,Builder,IchiMashiPotatos,56,6023,420,5.0,0.011904761904761904,0.47928994082840237
Rid.,50,False,True,2007-10-18T20:31:34.128-04:00,13012,10676,False,False,32,Builder,Rid.,14,3894,822,28.0,0.0340632603406326,0.18145956607495073
saturnine,50,False,True,2007-10-17T13:53:42.509-04:00,12846,9550,False,False,32,Builder,saturnine,16,363,90,4.0,0.044444444444444446,0.12623274161735698
Borghild~,50,False,True,2007-10-16T11:21:49.861-04:00,12696,1,False,False,32,Builder,Borghild~,71,209,153,13.0,0.08496732026143791,0.021696252465483234
harshdark,50,False,True,2007-10-16T07:15:21.132-04:00,12679,11896,False,False,32,Builder,harshdark,16,378,239,9.0,0.03765690376569038,0.15187376725838264
sriblanka02,50,False,True,2007-10-15T18:18:27.740-04:00,12636,1,False,False,32,Builder,sriblanka02,0,1800,462,1.0,0.0021645021645021645,0.863905325443787
robicho,50,False,True,2007-10-14T22:29:32.225-04:00,12565,1309,False,False,32,Builder,robicho,58,3035,251,9.0,0.035856573705179286,0.1637080867850098
Altered,50,False,True,2007-10-13T17:47:40.892-04:00,12464,1,False,False,32,Builder,Altered,1595,19020,16007,36.0,0.0022490160554757294,0.8599605522682445
Bloodtyrant,50,False,True,2007-10-12T20:42:42.499-04:00,12397,1,False,False,32,Builder,Bloodtyrant,20,657,391,14.0,0.03580562659846547,0.16568047337278102
Tsukasa,50,False,True,2007-10-11T11:03:39.925-04:00,12294,1309,False,False,32,Builder,Tsukasa,660,745,340,0.0,0.0,0.9625246548323472
loluralimey,50,False,True,2007-10-10T03:18:59.744-04:00,12185,144,False,False,32,Builder,loluralimey,0,315,151,4.0,0.026490066225165563,0.25049309664694275
Almatia,50,False,True,2007-10-09T17:50:38.203-04:00,12164,1309,False,False,32,Builder,Almatia,51,1062,285,0.0,0.0,0.9625246548323472
kumarei,50,False,True,2007-10-08T09:03:55.864-04:00,12061,9464,False,False,32,Builder,kumarei,573,1016,155,1.0,0.0064516129032258064,0.665680473372781
SaCo,50,False,True,2007-10-07T19:33:41.915-04:00,12023,13056,False,False,32,Builder,SaCo,2,848,321,2.0,0.006230529595015576,0.6765285996055227
Dakanya,50,False,True,2007-10-06T18:31:45.669-04:00,11941,1,False,False,32,Builder,Dakanya,207,1855,439,3.0,0.00683371298405467,0.6429980276134122
RTW,50,False,True,2007-10-06T14:42:38.440-04:00,11927,11242,False,False,32,Builder,RTW,1,123,56,1.0,0.017857142857142856,0.3668639053254438
Nelo,50,False,True,2007-10-06T12:09:17.505-04:00,11921,9860,False,False,32,Builder,Nelo,0,551,100,0.0,0.0,0.9625246548323472
Kotonoha,50,False,True,2007-10-06T10:29:02.241-04:00,11916,615,False,False,32,Builder,Kotonoha,1783,3456,517,6.0,0.01160541586073501,0.4871794871794872
Jericho,50,False,True,2007-10-05T19:19:48.997-04:00,11851,12636,False,False,32,Builder,Jericho,0,876,513,25.0,0.04873294346978557,0.1124260355029586
niefong,50,False,True,2007-10-05T13:05:20.431-04:00,11833,1,False,False,32,Builder,niefong,0,398,92,0.0,0.0,0.9625246548323472
Kayla,50,False,True,2007-10-05T12:22:40.799-04:00,11831,9860,False,False,32,Builder,Kayla,33,1102,593,34.0,0.05733558178752108,0.07692307692307687
EB,50,True,True,2007-10-03T20:45:37.667-04:00,11672,1137,False,False,40,Moderator,EB,3086,261157,10340,39.0,0.0037717601547388783,0.7889546351084813
Slaash,50,False,True,2007-10-03T14:15:05.162-04:00,11650,9477,False,False,32,Builder,Slaash,0,401,116,3.0,0.02586206896551724,0.25246548323471396
Deus,50,False,True,2007-09-30T13:37:22.115-04:00,11402,22,False,False,32,Builder,Deus,1,480,321,16.0,0.04984423676012461,0.10650887573964496
Siliconstoic,50,False,True,2007-09-30T13:11:08.266-04:00,11399,14268,False,False,32,Builder,Siliconstoic,0,224,113,1.0,0.008849557522123894,0.5818540433925049
cremefraiche,50,False,True,2007-09-29T20:46:05.296-04:00,11335,1137,False,False,32,Builder,cremefraiche,8853,3740,401,0.0,0.0,0.9625246548323472
daosiying,50,False,True,2007-09-29T20:22:44.761-04:00,11332,1,False,False,32,Builder,daosiying,4,454,176,0.0,0.0,0.9625246548323472
case649,50,False,True,2007-09-28T21:27:21.326-04:00,11242,1137,False,False,32,Builder,case649,2,376,111,1.0,0.009009009009009009,0.571992110453649
Fluke_Artist,50,False,True,2007-09-28T01:57:36.325-04:00,11160,1,False,False,32,Builder,Fluke_Artist,9,527,278,0.0,0.0,0.9625246548323472
Marbleshoot,50,False,True,2007-09-27T20:01:13.003-04:00,11136,9521,False,False,32,Builder,Marbleshoot,1,1944,1284,70.0,0.05451713395638629,0.08875739644970415
Gunflame,50,False,True,2007-09-27T03:00:49.458-04:00,11077,1,False,False,32,Builder,Gunflame,0,38712,14072,68.0,0.004832291074474133,0.7534516765285996
user_11041,50,False,True,2007-09-26T14:39:51.694-04:00,11041,1309,False,False,32,Builder,user_11041,68,8943,1325,36.0,0.027169811320754716,0.23471400394477315
NewType,50,False,True,2007-09-25T21:18:14.961-04:00,10975,1309,False,False,32,Builder,NewType,0,156,106,0.0,0.0,0.9625246548323472
Flush,50,False,True,2007-09-24T14:43:04.226-04:00,10877,1309,False,False,32,Builder,Flush,0,145,88,1.0,0.011363636363636364,0.5009861932938856
ShiroiRyu,50,False,True,2007-09-23T12:56:13.835-04:00,10781,140,False,False,32,Builder,ShiroiRyu,0,188,121,3.0,0.024793388429752067,0.26429980276134124
MezzoDragon,50,False,True,2007-09-22T17:24:02.855-04:00,10705,1309,False,False,32,Builder,MezzoDragon,104,2239,563,32.0,0.056838365896980464,0.0808678500986193
kitedragon,50,False,True,2007-09-22T11:51:42.612-04:00,10680,1309,False,False,32,Builder,kitedragon,2,69,51,3.0,0.058823529411764705,0.07001972386587774
Quess,50,False,True,2007-09-22T10:58:10.403-04:00,10676,1,False,False,32,Builder,Quess,269,13849,2782,13.0,0.004672897196261682,0.7613412228796844
Shuugo,50,False,True,2007-09-19T08:06:27.229-04:00,10390,615,False,False,32,Builder,Shuugo,204,629,258,2.0,0.007751937984496124,0.6193293885601578
homeless_homo,50,False,True,2007-09-18T20:50:42.613-04:00,10355,12866,False,False,32,Builder,homeless_homo,24,1193,583,4.0,0.00686106346483705,0.641025641025641
lichifruit,50,False,True,2007-09-18T14:32:46.222-04:00,10322,1002,False,False,32,Builder,lichifruit,11,372,193,3.0,0.015544041450777202,0.4201183431952663
ztormofchaoz,50,False,True,2007-09-18T08:08:58.588-04:00,10297,1309,False,False,32,Builder,ztormofchaoz,13,798,345,6.0,0.017391304347826087,0.38067061143984215
roastbeefy,50,False,True,2007-09-17T15:49:23.420-04:00,10223,9481,False,False,32,Builder,roastbeefy,59,3317,389,2.0,0.005141388174807198,0.7337278106508875
user_10180,50,False,True,2007-09-17T08:03:47.246-04:00,10180,1,False,False,32,Builder,user_10180,0,242,153,1.0,0.006535947712418301,0.6577909270216962
StrikeInsecta,50,False,True,2007-09-17T07:25:17.723-04:00,10175,360629,False,False,32,Builder,StrikeInsecta,7,10429,4092,287.0,0.0701368523949169,0.04536489151873768
Tsubasa,50,False,True,2007-09-17T06:28:41.503-04:00,10167,12866,False,False,32,Builder,Tsubasa,9,2010,1183,5.0,0.00422654268808115,0.7790927021696252
bettynoire,50,False,True,2007-09-16T22:01:15.581-04:00,10132,615,False,False,32,Builder,bettynoire,60,436,205,1.0,0.004878048780487805,0.747534516765286
kristallimeri,50,False,True,2007-09-16T21:35:28.596-04:00,10130,1,False,False,32,Builder,kristallimeri,14,1812,606,1.0,0.0016501650165016502,0.8796844181459567
Kandarihu,50,False,True,2007-09-16T20:27:31.816-04:00,10122,615,False,False,32,Builder,Kandarihu,347,19812,176,3.0,0.017045454545454544,0.3846153846153846
Maya_Natsume,50,False,True,2007-09-16T16:06:41.623-04:00,10092,9597,False,False,32,Builder,Maya_Natsume,0,149,85,1.0,0.011764705882352941,0.4832347140039448
uncreative,50,False,True,2007-09-16T15:04:41.652-04:00,10084,615,False,False,32,Builder,uncreative,157,952,423,1.0,0.002364066193853428,0.8579881656804733
Saber_Lily,50,False,True,2007-09-16T00:40:27.158-04:00,10051,1137,False,False,32,Builder,Saber_Lily,1,1703,1385,6.0,0.004332129963898917,0.7751479289940828
Fang-tan,50,False,True,2007-09-15T23:03:20.064-04:00,10047,1309,False,False,32,Builder,Fang-tan,4,1304,632,22.0,0.03481012658227848,0.17357001972386588
Elle,50,False,True,2007-09-15T06:41:37.286-04:00,10009,1309,False,False,32,Builder,Elle,2,118,52,1.0,0.019230769230769232,0.3392504930966469
suwayya,50,False,True,2007-09-15T03:46:48.831-04:00,9997,1309,False,False,32,Builder,suwayya,2,311,202,1.0,0.0049504950495049506,0.7435897435897436
FeKa,50,True,True,2007-09-12T19:25:38.752-04:00,9860,360629,False,False,32,Builder,FeKa,244,11089,6499,78.0,0.012001846437913525,0.47731755424063116
_dk,50,False,True,2007-09-12T01:07:54.416-04:00,9812,1,False,False,32,Builder,_dk,13361,2762,319,12.0,0.03761755485893417,0.15384615384615385
chiisana,50,False,True,2007-09-11T23:44:44.236-04:00,9810,1309,False,False,32,Builder,chiisana,159,481,191,9.0,0.04712041884816754,0.11637080867850103
Henduluin,50,False,True,2007-09-11T13:08:57.218-04:00,9792,7624,False,False,32,Builder,Henduluin,14,232,75,0.0,0.0,0.9625246548323472
LastElixir,50,False,True,2007-09-11T11:35:21.158-04:00,9787,140,False,False,32,Builder,LastElixir,19,1650,1004,1.0,0.00099601593625498,0.9132149901380671
kn8485909,50,False,True,2007-09-10T23:16:07.924-04:00,9768,1309,False,False,32,Builder,kn8485909,385,12899,2733,68.0,0.024881083058909622,0.26232741617357
the_redstar_swl,50,True,True,2007-09-10T16:31:08.995-04:00,9716,360629,False,False,32,Builder,the_redstar_swl,28,2156,785,7.0,0.008917197452229299,0.5798816568047338
piespy,50,False,True,2007-09-10T16:31:08.995-04:00,9685,1309,False,False,32,Builder,piespy,22,7119,948,23.0,0.024261603375527425,0.2702169625246549
Eruru,50,False,True,2007-09-10T16:31:08.995-04:00,9675,22,False,False,32,Builder,Eruru,3,1047,166,1.0,0.006024096385542169,0.6883629191321499
ttfn,50,False,True,2007-09-10T16:31:08.995-04:00,9644,1309,False,False,32,Builder,ttfn,48,24495,2989,28.0,0.00936768149882904,0.5581854043392505
hookedup,50,False,True,2007-09-10T16:31:08.995-04:00,9604,1309,False,False,32,Builder,hookedup,0,13010,8621,13.0,0.0015079457139542977,0.8875739644970414
shadowlord,50,False,True,2007-09-10T16:31:08.995-04:00,9597,1,False,False,32,Builder,shadowlord,0,747,603,2.0,0.003316749585406302,0.8047337278106509
nmwolf,50,False,True,2007-09-10T16:31:08.995-04:00,9565,9452,False,False,32,Builder,nmwolf,3,128,64,3.0,0.046875,0.12031558185404334
Enact,50,False,True,2007-09-10T16:31:08.995-04:00,9560,9507,False,False,32,Builder,Enact,0,3911,1610,17.0,0.010559006211180125,0.5226824457593688
Boco,50,False,True,2007-09-10T16:31:08.995-04:00,9557,9464,False,False,32,Builder,Boco,217,2228,176,6.0,0.03409090909090909,0.17948717948717952
Link,50,False,True,2007-09-10T16:31:08.995-04:00,9550,22,False,False,32,Builder,Link,18,2034,1312,11.0,0.008384146341463415,0.5936883629191321
Log,50,False,True,2007-09-10T16:31:08.995-04:00,9509,1,False,False,40,Moderator,Log,7350,66693,1074,0.0,0.0,0.9625246548323472
drvink,50,False,True,2007-09-10T16:31:08.995-04:00,9505,12,False,False,32,Builder,drvink,4,35,3,0.0,0.0,0.9625246548323472
WAHa_06x36,50,False,True,2007-09-10T16:31:08.995-04:00,9490,22,False,False,32,Builder,WAHa_06x36,3490,789,258,50.0,0.1937984496124031,0.00591715976331364
wildarmsheero,50,False,True,2007-09-10T16:31:08.995-04:00,9481,22,False,False,32,Builder,wildarmsheero,43,870,509,8.0,0.015717092337917484,0.4161735700197239
Dancougar,50,False,True,2007-09-10T16:31:08.995-04:00,9448,1309,False,False,32,Builder,Dancougar,0,4583,1621,25.0,0.015422578655151141,0.4220907297830375
Lights,50,False,True,2007-09-10T16:31:08.995-04:00,8366,12,False,False,32,Builder,Lights,35,308,152,1.0,0.006578947368421052,0.6548323471400395
Mug-G,50,False,True,2007-09-10T16:31:08.995-04:00,8093,1,False,False,32,Builder,Mug-G,36,8190,6733,17.0,0.0025248774691816428,0.8461538461538461
LaC,50,False,True,2007-09-10T16:31:08.995-04:00,7624,1,False,False,32,Builder,LaC,10132,20235,84,3.0,0.03571428571428571,0.16765285996055224
jxh2154,50,True,True,2007-09-10T16:31:08.995-04:00,1309,1,False,False,50,Admin,jxh2154,389,2947751,14707,30.0,0.0020398449717821446,0.8658777120315582
nil!,50,False,True,2007-09-10T16:31:08.995-04:00,1200,1,False,False,31,Platinum,nil!,0,2075,123,7.0,0.056910569105691054,0.07889546351084809
wanchan,50,False,True,2007-09-10T16:31:08.995-04:00,1137,1,False,False,32,Builder,wanchan,99,5959,2337,31.0,0.013264869490800172,0.4556213017751479
ilifin,50,False,True,2007-09-10T16:31:08.995-04:00,307,1,False,False,32,Builder,ilifin,21,623,376,22.0,0.05851063829787234,0.07297830374753456
Dr_Fine_Rolo,50,False,True,2007-09-10T16:31:08.995-04:00,144,1,False,False,32,Builder,Dr_Fine_Rolo,553,1216,311,23.0,0.07395498392282958,0.029585798816568087
phane,50,True,True,2007-09-10T16:31:08.995-04:00,140,1,False,False,40,Moderator,phane,323,3067,1649,82.0,0.04972710733778047,0.10848126232741617
shipixiv,50,False,True,2007-09-10T16:31:08.995-04:00,126,1,False,False,32,Builder,shipixiv,446,530,260,25.0,0.09615384615384616,0.015779092702169595
Sobi,50,False,True,2007-09-10T16:31:08.995-04:00,117,1,False,False,32,Builder,Sobi,106,213,226,45.0,0.19911504424778761,0.0039447731755424265
notapedo,50,False,True,2007-09-10T16:31:08.995-04:00,109,1,False,False,32,Builder,notapedo,97,235,671,82.0,0.12220566318926974,0.009861932938856066
Quinton,50,False,True,2007-09-10T16:31:08.995-04:00,90,1,False,False,32,Builder,Quinton,8,48,100,6.0,0.06,0.0650887573964497
shut,50,False,True,2007-09-10T16:31:08.995-04:00,74,1,False,False,32,Builder,shut,192,64,761,78.0,0.10249671484888305,0.013806706114398382
memento_mori,50,True,True,2007-09-10T16:31:08.995-04:00,22,1,False,False,40,Moderator,memento_mori,2228,17584,1233,116.0,0.09407948094079481,0.017751479289940808
OGT,50,False,True,2007-09-10T16:31:08.995-04:00,19,1,False,False,32,Builder,OGT,13,185,1346,42.0,0.031203566121842496,0.21301775147928992
SoSD,50,True,True,2007-09-10T16:31:08.995-04:00,12,360629,False,False,32,Builder,SoSD,519,1115,326,18.0,0.05521472392638037,0.08678500986193294
Cthuluka,50,False,True,2007-09-10T16:31:08.995-04:00,11,1,False,False,32,Builder,Cthuluka,429,116,1979,442.0,0.22334512379989893,0.0019723865877712132
Franz_Einfalsch,50,False,True,2007-09-10T16:31:08.995-04:00,10,1,False,False,32,Builder,Franz_Einfalsch,45,6058,1245,20.0,0.01606425702811245,0.40828402366863903
